{
  "image": "images/73_castling_3.png",
  "fen": "r1bqk2r/pppp1ppp/2n2n2/2b1p3/2B1P3/3P1N2/PPP2PPP/RNBQ1RK1",
  "certainty": {
    "average": 0.999998152256012,
    "min": 0.9999936819076538,
    "max": 1.0,
    "per_tile": [
      [
        1.0,
        0.9999960660934448,
        1.0,
        0.9999998807907104,
        0.9999994039535522,
        0.9999963045120239,
        0.9999964237213135,
        1.0
      ],
      [
        1.0,
        1.0,
        1.0,
        1.0,
        0.9999966621398926,
        1.0,
        1.0,
        1.0
      ],
      [
        0.9999961853027344,
        0.9999964237213135,
        1.0,
        0.9999966621398926,
        0.9999963045120239,
        1.0,
        0.999996542930603,
        0.9999970197677612
      ],
      [
        0.9999961853027344,
        0.9999963045120239,
        1.0,
        0.9999961853027344,
        1.0,
        0.9999963045120239,
        0.9999970197677612,
        0.9999966621398926
      ],
      [
        0.9999961853027344,
        0.9999966621398926,
        0.9999997615814209,
        0.9999967813491821,
        1.0,
        0.9999967813491821,
        0.999996542930603,
        0.9999970197677612
      ],
      [
        0.999996542930603,
        0.9999961853027344,
        0.9999966621398926,
        1.0,
        0.9999970197677612,
        1.0,
        0.9999970197677612,
        0.9999967813491821
      ],
      [
        1.0,
        1.0,
        1.0,
        0.9999970197677612,
        0.9999964237213135,
        1.0,
        1.0,
        1.0
      ],
      [
        0.9999936819076538,
        1.0,
        1.0,
        0.9999996423721313,
        0.9999970197677612,
        0.9999997615814209,
        1.0,
        0.9999966621398926
      ]
    ]
  }
}